name,url,username,password,note
213.255.227.63:7800,https://213.255.227.63:7800/,rhfytl2m,36f82f3d,
45.63.58.141:8080,https://45.63.58.141:8080/,Admin,7abb093c,
45.63.58.141:8080,https://45.63.58.141:8080/,admin,7abb093c,
account.apple.com,https://account.apple.com/account/manage,heidiheartredd@icloud.com,evil.Olive45,
account.battle.net,https://account.battle.net/login/en/,drawpdeadredd@gmail.com,d34d@head!!,
account.battle.net,https://account.battle.net/recovery/en/identify-account.html,drawpdeadredd@hotmail.com,d34Dr3dD,
account.checkngo.com,https://account.checkngo.com/,jreddrobinson@gmail.com,reddsd34d,
account.coolermaster.com,https://account.coolermaster.com/,drawpdeadredd@gmail.com,reddsd34d,
account.dyn.com,https://account.dyn.com/,drawpdeadredd,reddsd34d,
account.jetbrains.com,https://account.jetbrains.com/,drawpdeadredd,She.$ed/Drawp#D43d::R3dd,
account.jetbrains.com,https://account.jetbrains.com/,drpdeadredd,She.$ed/Drawp#D43d::R3dd,
account.live.com,https://account.live.com/,drawpdeadredd@outlook.com,reddsd34d,
account.live.com,https://account.live.com/,mdmedadm@outlook.com,reddsd34d,
account.live.com,https://account.live.com/,toribecksphotos@hotmail.com,evilolive45,
account.matrix.org,https://account.matrix.org/register/password,drawpdeadredd@gmail.com,Ghandi.b1nged&purged,
account.nowpayments.io,https://account.nowpayments.io/,derelictdb@gmail.com,Better#D34d\Than::R3dd,
account.proton.me,https://account.proton.me/,,Soapy.Toa5ter#Stewiesid3,
account.proton.me,https://account.proton.me/,dropdeadjredd@proton.me,2*tnjK!@mv8jE7%,
account.proton.me,https://account.proton.me/,drpdeadredd,Soapy.Toa5ter#Sewiesid3,
account.proton.me,https://account.proton.me/,subprimecodes,Thunder.CUNT.Carpe.D13m,
account.safing.io,https://account.safing.io/account/sign_up,DominickGarfieldMetz,soapy.Toaster.dirty.l1v1ng,
account.samsung.com,https://account.samsung.com/,,d34Dr3dD,
account.shapr3d.com,https://account.shapr3d.com/,drawpdeadredd@gmail.com,reddsd34d,
account.sonicdrivein.com,https://account.sonicdrivein.com/,drawpdeadredd@gmail.com,d34Dr3dD!,
account.sparkpool.com,https://account.sparkpool.com/,the.rajnosnibor@gmail.com,d34d@head,
account.termius.com,https://account.termius.com/,,Better#D34d\Than::R3dd,
account.ultimaker.com,https://account.ultimaker.com/,drawpdeadred@hotmail.com,rojos.Mu3rt0,
account.ultimaker.com,https://account.ultimaker.com/,drawpdeadredd,reddsd34dr!0t,
account.ultimaker.com,https://account.ultimaker.com/,drawpdeadredd@hotmail.com,rojos.Mu3rt0,
account.venmo.com,https://account.venmo.com/,jtbrawny@outlook.com,Brains#0v3r#brawn,
account.venmo.com,https://account.venmo.com/,stgads4tori@gmail.com,JustJack45,
accountaccess.myfedloan.org,https://accountaccess.myfedloan.org/,drpdeadredd,Better#D34d\Than/R3dd,
accounts.autodesk.com,https://accounts.autodesk.com/,drawpdeadredd@hotmail.com,reddsd34d,
accounts.censys.io,https://accounts.censys.io/,drawpdeadredd@gmail.com,Reddsd34d!!,
accounts.coinmarketcap.com,https://accounts.coinmarketcap.com/,jreddrobinson@gmail.com,reddsd34d,
accounts.firefox.com,https://accounts.firefox.com/,drawpdeadredd@gmail.com,reddsd34d,
accounts.firefox.com,https://accounts.firefox.com/,drawpdeadredd@hotmail.com,reddsd34d,
accounts.firefox.com,https://accounts.firefox.com/,drawpdreadredd@gmail.com,reddsd34d,
accounts.firefox.com,https://accounts.firefox.com/,jreddrobinson@gmail.com,reddsd34d,
accounts.firefox.com,https://accounts.firefox.com/,the.rajnosnibor@gmail.com,reddsd34d,
accounts.google.com,https://accounts.google.com/,derelictdb,Better#D34d\Than::R3dd,
accounts.google.com,https://accounts.google.com/,derelictdb@gmail.com,Better#D34d\Than::R3dd,
accounts.google.com,https://accounts.google.com/,drawpdeadredd@gmail.com,soapy.toaster.1Zap!burnt.loofah,
accounts.google.com,https://accounts.google.com/,drpdeadredd@gmail.com,soapy.toaster.1Zap!burnt.loofah,
accounts.google.com,https://accounts.google.com/,en.cryptkiller@gmail.com,Better#D34d\Than::R3dd,
accounts.google.com,https://accounts.google.com/,gueroculeroredd,REDD$d34d@head!!,
accounts.google.com,https://accounts.google.com/,gueroculeroredd@gmail.com,REDD$d34d@head!!,
accounts.google.com,https://accounts.google.com/,heidiluvsredd,plums.Deify?,
accounts.google.com,https://accounts.google.com/,heidiluvsredd@gmail.com,Dthomas45,
accounts.google.com,https://accounts.google.com/,jreddrobinson@gmail.com,soapy.toaster.1Zap!burnt.loofah,
accounts.google.com,https://accounts.google.com/,kimberskyesavestheday@gmail.com,JustJack4488*,
accounts.google.com,https://accounts.google.com/,lovelykimberskye@gmail.com,JustJack4488,
accounts.google.com,https://accounts.google.com/,nsfwtbecks,JustJack4488,
accounts.google.com,https://accounts.google.com/,reddsec.sys@gmail.com,Reddsd34d!!,
accounts.google.com,https://accounts.google.com/,revsec.sys@gmail.com,Better#D34d\Than::R3dd,
accounts.google.com,https://accounts.google.com/,skuttlebuttandus,JustJack45,
accounts.google.com,https://accounts.google.com/,soltar.rojo.muerto@gmail.com,REDD$d34d@head!!,
accounts.google.com,https://accounts.google.com/,the.rajnosnibor@gmail.com,nazi.Fuck.0ff.goose.waddle.,
accounts.google.com,https://accounts.google.com/,thetoribecks@gmail.com,JustJack45,
accounts.google.com,https://accounts.google.com/,toribecksnsfw@gmail.com,JustJack45,
accounts.google.com,https://accounts.google.com/,zoeluvsredd@gmail.com,?NachoCheese,
accounts.google.com,https://accounts.google.com/v3/signin/challenge/pwd,drawpdeadredd@gmail.com,soapy.toaster.1Zap!burnt.loofah,
accounts.google.com,https://accounts.google.com/v3/signin/identifier,dropdeadredd@gmail.com,proud.boy.toy.Poodl3s,
accounts.google.com,https://accounts.google.com/v3/signin/identifier,kbabyyy4444@gmail.com,Better#D34d\Than::R3dd,
accounts.intuit.com,https://accounts.intuit.com/,jreddrobinson@hotmail.com,Reddsd34d!!,
accounts.motorola.com,https://accounts.motorola.com/,drawpdeadredd@gmail.com,Reddsd34d!!,
accounts.nintendo.com,https://accounts.nintendo.com/federation/register,deadeyedic,d34Dr3dD,
accounts.spotify.com,https://accounts.spotify.com/en/login,drpdeadredd@gmail.com,d34Dr3dD!!,
activate.hbomax.com,https://activate.hbomax.com/,drawpdeadredd@hotmail.com,rojos.Mu3rt0,
adults-ads.com,https://adults-ads.com/,toribecksnsfw,evilOlive45,
adultsearch.com,https://adultsearch.com/,kcwearsredd@gmail.com,JustJack45,
adultsearch.com,https://adultsearch.com/,skuttlebuttandus@gmail.com,JustJack45,
adultsearch.com,https://adultsearch.com/,skuttlebuttnus@gmail.com,JustJack45,
adultsearch.com,https://adultsearch.com/,toriwantsredd@gmail.com,JustJack45,
alavps.com,https://alavps.com/,jreddrobinson@hotmail.com,Better#D34d\Than::R3dd,
alavps.com,https://alavps.com/billing/register.php,revsec.sys@gmail.com,d34Dr3dD,
allin1-digitalcontent.net,https://allin1-digitalcontent.net/,jreddrobinson@hotmail.com,Chant|Hacker|Statutory|Strongly5,
androidapp.vpn.ac,android://764C348C2920E6F3F4A7180736966E712B7CEACBCEB2DDDA8FEBEC20C9230D5E3D60B4B1FA9A7937B032338F5AE50C5B34E9B10D6786B42DCCD29B1857AB835C@ac.vpn.androidapp,vpn38282572,dr0Pd34Dr3dD!!,
api.betonline.ag,https://api.betonline.ag/api/auth/realms/betonline/protocol/openid-connect/registrations,drawpdeadredd@hotmail.com,d34Dr3dD,
api.twitter.com,https://api.twitter.com/,@drawpdeadredd,Reddsd34d!!,
api.twitter.com,https://api.twitter.com/,drawpdeadredd,Reddsd34d!!,
app.abstractapi.com,https://app.abstractapi.com/,drawpdeadredd@gmail.com,reddsd34xd,
app.adcreative.ai,https://app.adcreative.ai/,jreddrobinson@gmail.com,reddsd34d,
app.addy.io,https://app.addy.io/register,Whoopsoverdose,d34Dr3dD,
app.azeasycredit.com,https://app.azeasycredit.com/,jreddrobinson@hotmail.com,d34Dr3dD,
app.bitlaunch.io,https://app.bitlaunch.io/,skjackson8547@gmail.com, Thunder.CUNT.C@rdi0,
app.bluevine.com,https://app.bluevine.com/,revsec.sys@gmail.com,d34Dr3dD,
app.bluevine.com,https://app.bluevine.com/,skjackson8547@gmail.com,rojos.Mu3rt0s,
app.creditgenie.com,android://9D32D949CA3B095C87FF23FDEC45E58AC1A56AA73FA56FA32E7C9C758BDF02A785072090104F543FA93EA3E9A99C5D4FF2F6250A1741388E4C5481EE733FABCD@com.creditgenie.app,drawpdeadredd@hotmail.com,d34Dr3dD!!,
app.fraudguard.io,https://app.fraudguard.io/,drpdeadredd@gmail.com,reddsd34d,
app.fundbox.com,https://app.fundbox.com/,admin@kimberskye.com,JustJack4488,
app.gmt.io,https://app.gmt.io/,drawpdeadredd@gmail.com,,
app.hackernoon.com,https://app.hackernoon.com/,drpdeadredd@pm.me,Soapy.Toa5ter.Sewiesid32,
app.hackthebox.com,https://app.hackthebox.com/,drpdeadredd,soapy.toaster.f1zz.Unbl3ss3d,
app.husarnet.com,https://app.husarnet.com/,drawpdeadredd@gmail.com,d34Dr3dD,
app.invest.kraken.com,android://1917A5C70FACC697D03BABB84B47B7FB56078BCF8B3B0DD1381D0D0BA7657A4513296D67765B55998E6F71ACC304C2929A1CF006816ABA9B7427B0ADD890FF97@com.kraken.invest.app,drawpdeadredd@hotmail.com,d34Dr3dD!!!!,
app.kovocredit.com,https://app.kovocredit.com/,drawpdeadredd@gmail.com,d34Dr3dD,
app.luxerone.com,https://app.luxerone.com/,jreddrobinson@gmail.com,reddsd34D,
app.nav.com,https://app.nav.com/,revsec.sys@gmail.com,D34d@head,
app.nearside.com,https://app.nearside.com/,skjackson8547@gmail.com,reddsd34dR!0tr!0t,
app.perpay.com,https://app.perpay.com/,drawpdeadredd@gmail.com,d34Dr3dD,
app.poplin.co,https://app.poplin.co/auth/choose-password,,racist.Shitzu.waffle.m@k1ng,
app.proof.com,https://app.proof.com/meeting/medr67xbx/completed,drawpdeadredd@hotmail.com,d34Dr3dD,
app.tabnine.com,https://app.tabnine.com/,drawpdeadredd@gmail.com,Better#D34d\Than::R3dd,
app.tryst.link,https://app.tryst.link/,heidiluvsredd@gmail.com,evil.Olive45,
app.tryst.link,https://app.tryst.link/,lovelykimberskye@gmail.com,My/Cat/Poppy/Loves/M3,
app.tryst.link,https://app.tryst.link/,stgads4tori@gmail.com,JustJack45,
app.tryst.link,https://app.tryst.link/,thetoribecks@gmail.com,JustJack45,
app.tryst.link,https://app.tryst.link/,toribecksnsfw@gmail.com,evilOlive45,
app.verasight.io,https://app.verasight.io/,drawpdeadredd@hotmail.com,d34Dr3dD,
app.vouched.id,https://app.vouched.id/,admin@derelictdb.com,Reddsd34d!!,
appleid.apple.com,https://appleid.apple.com/auth/authorize,swervingbricks@icloud.com,Dthomas45,
apply.cashnetusa.com,https://apply.cashnetusa.com/,02/14/1983,d34d@head,
applynow.capitalone.com,https://applynow.capitalone.com/,revsec.sys@gmail.com,467810339,
approved.tw,https://approved.tw/,ralfthemouf,N7Dxxx2rn2TvZay,
apps.texas.aaa.com,https://apps.texas.aaa.com/,SKJACKSON,LIBERTY25,
apps.texas.aaa.com,https://apps.texas.aaa.com/,drpdeadredd@gmail.com,d34Db34Tr3dD,
apps.tn.gov,https://apps.tn.gov/,hmholland,plums.Deify1,
apps.tn.gov,https://apps.tn.gov/,jreddrobinson,reddsd34d!,
apx-security.amazon.com,https://apx-security.amazon.com/,Heidi Holland,374,
apx-security.amazon.com,https://apx-security.amazon.com/,Jarred Robinson,728,
auth.cex.io,https://auth.cex.io/authorization/registration/individual,drawpdeadredd@hotmail.com,kG9wxv_DRiUUhQm,
auth.diffus.me,https://auth.diffus.me/realms/graviti/login-actions/registration,drawpdeadredd@hotmail.com,d34Dr3dD,
auth.diffus.me,https://auth.diffus.me/realms/graviti/login-actions/registration,the.rajnosnibor@gmail.com,d34Dr3dD!,
auth.hulu.com,https://auth.hulu.com/,drawpdeadredd@gmail.com,reddsd34d,
auth.hulu.com,https://auth.hulu.com/web/login/enter-password,toribecksphotos@hotmail.com,d34Dr3dD,
auth.myfico.com,https://auth.myfico.com/login,drawpdeadredd@hotmail.com,d34Dr3dD,
auth.usbank.com,https://auth.usbank.com/enroll/user,drawpdeadredd,d34Dr3dD,
auth0.openai.com,https://auth0.openai.com/,the.rajnosnibor@gmail.com,Reddsd34D,
bank.varomoney.com,https://bank.varomoney.com/,USA,460-91-1366,
bank.varomoney.com,https://bank.varomoney.com/,ghettocountry.twanggang@gmail.com,plums.Deify?1,
bongacams.com,https://bongacams.com/,CChamoixLive,JustJack4488,
bongamodels.com,https://bongamodels.com/,WowItsCharlee,JustJack4488,
bsoaic.com,https://bsoaic.com/mobile/wicket/login.html,W98758,ABC585836,
bsoaic.com,https://bsoaic.com/mobile/wicket/login.html,Y8651,tt887513,
builtwith.com,https://builtwith.com/,drpdeadredd@gmail.com,reddsd34d,
businessdeposits.digitalcommerce.truist.com,https://businessdeposits.digitalcommerce.truist.com/,Revenant Solutions ,874100075,
businessdeposits.digitalcommerce.truist.com,https://businessdeposits.digitalcommerce.truist.com/,Robinson,4678,
cache-bandge.firebaseapp.com,https://cache-bandge.firebaseapp.com/,jreddrobinson@gmail.com,d34Dr3dD,
callescort.org,https://callescort.org/,cw_9286493@hotmail.com,dd34Dr3dD,
callescort.org,https://callescort.org/,kdi0rdi0rdi0r@gmail.com,FLUFFYbutt.1,
callescort.org,https://callescort.org/,stgads4tori@gmail.com,JustJack45,
callescort.org,https://callescort.org/reset_password.php,toribecksphotos@hotmail.com,evil.Olive45,
cdn.plaid.com,https://cdn.plaid.com/,drawpdeadredd@gmail.com,Reddsd34d!!,
cdn.plaid.com,https://cdn.plaid.com/,jreddrobinson,Reddsd34d!!,
changelly.com,https://changelly.com/,jreddrobinson@gmail.com,reddsd34d,
chaturbate.com,https://chaturbate.com/,charleechamoix,JustJack4488,
chaturbate.com,https://chaturbate.com/,drpdeadredd,reddsd34d!!,
chaturbate.com,https://chaturbate.com/,lovelykimberskye,JustJack4488,
chaturbate.com,https://chaturbate.com/,saintlydevonish,JustJack45,
chaturbate.com,https://chaturbate.com/,thetoribecks,plums.Deify?00,
citysideflats.securecafe.com,https://citysideflats.securecafe.com/,jreddrobinson@gmail.com,REDD$d34d@head!!,
cloud.digitalocean.com,https://cloud.digitalocean.com/,drawpdeadredd@hotmail.com,Reddsd34d!!,
cloud.digitalocean.com,https://cloud.digitalocean.com/,drawpdeadredd@hotnail.com,Reddsd34d!!,
cloud.ibm.com,https://cloud.ibm.com/,drawpdeadredd@hotmail.com,Better#D34d\Than::R3dd,
cloud.ibm.com,https://cloud.ibm.com/,drpdeadredd@gmail.com,Soapy.T0a$ter.Fungus,
cloud.ionos.com,https://cloud.ionos.com/,jreddrobinson@dropdeadsec.com,racist.labrad00dles.ri0T,
cloud.linode.com,https://cloud.linode.com/,,:$S4i7J%VN>nz5),
cloud.linode.com,https://cloud.linode.com/,root,Better#D34d\Than::R3dd,
cloudthree.org,https://cloudthree.org/,retartedrogue,d34Dr3dD,
codeberg.org,https://codeberg.org/,dropdeadredd,f5]UVT!-7ny7=X_,
codeberg.org,https://codeberg.org/,quasicoupdetat,VC69A;s~?iz'adj,
codeium.com,https://codeium.com/,drawpdeadredd@hotmail.com,Reddsd354d,
cointiply.com,https://cointiply.com/,jreddrobinson@gmail.com,reddsd34d,
community.spiceworks.com,https://community.spiceworks.com/,drawpdeadredd@gmail.com,redds34D,
connect.stripe.com,https://connect.stripe.com/,drawpdeadredd@gmail.com,Better#D34d/Than::R3dd,
console.jumpcloud.com,https://console.jumpcloud.com/,jreddrobinson@dropdeadsec.com,racist.labrad00dles.ri0T,
contributor-accounts.shutterstock.com,https://contributor-accounts.shutterstock.com/,J.Redd,d34D@head,
cp.mineros.info,https://cp.mineros.info/,drawpdeadredd,d34d@head,
cp.mineros.info,https://cp.mineros.info/,the.rajnosnibor@gmail.com,d34d@head,
cp1.awardspace.net,https://cp1.awardspace.net/,jreddrobinson@gmail.com,911MasterKing*91,
cp1.awardspace.net,https://cp1.awardspace.net/,redddevelsystems@gmail.com,JustJack45,
cracked.io,https://cracked.io/,drawpdeadred,d34Dr3dD,
cracked.io,https://cracked.io/,drawpdeadred ,d34Dr3dD,
cracked.io,https://cracked.io/,drawpdeadredd,reddsd34d,
cracked.io,https://cracked.io/,drawpdeadredd ,d34Dr3dD,
cracked.io,https://cracked.io/,drpdeadredd,reddsd34d,
cults3d.com,https://cults3d.com/,drawpdeadredd@hotmail.com,rojos.Mu3rt0,
custlogin.gm.com,https://custlogin.gm.com/,soltar.rojo.muerto@gmail.com,reddsd34d,
cutt.ly,https://cutt.ly/,thetoribecks@gmail.com,plums.Deify?11,
dash.cloudflare.com,https://dash.cloudflare.com/,admin@derelictdb.com,Better#D34d\Than::R3dd,
dash.cloudflare.com,https://dash.cloudflare.com/,drpdeadredd@gmail.com,Sw&mpy.P%*d.D0nkey~,
dashboard.heroku.com,https://dashboard.heroku.com/,drawpdeadredd@gmail.com,63693910-6ff6-4692-a344-09a3e6ce4a47,
dashboard.honeygain.com,https://dashboard.honeygain.com/,en.cryptkiller@gmail.com,Better#D34dThan#R3dd,
defcad.com,https://defcad.com/,drawpdeadredd@hotmail.com,d34d@head,
discord.com,https://discord.com/,dropdeadred,Reddsd34d!!!,
discord.com,https://discord.com/login,6156131521,d34Dr3dD,
discord.com,https://discord.com/register,iscariotsilver,d34Dr3dD,
e.slixa.com,https://e.slixa.com/,zoeluvsredd@gmail.com,JustJack45,
emcpanel.com,https://emcpanel.com/,pedanticpanic,9625999b,
enroll.identityiq.com,https://enroll.identityiq.com/,jreddrobinson@hotmail.com,467810339,
enrollment.axosbank.com,https://enrollment.axosbank.com/,heidiluvsredd,plums.Deify?1,
enrollment.axosbank.com,https://enrollment.axosbank.com/,jreddrobinson@hotmail.com,poudboy#toyPoodl3s,
escort13.com,https://escort13.com/,stgads4tori@gmail.com,JustJack45,
evilzone.org,https://evilzone.org/,Dropdeadredd,sw&mp.P%*d.D0nkey~,
evilzone.org,https://evilzone.org/,drawpdeadredd,sw&mp.P%*d.D0nkey~,
evilzone.org,https://evilzone.org/,dropdeadredd,sw&mp.P%*d.D0nkey~,
extralunchmoney.com,https://extralunchmoney.com/,TheToriBecks,plums.Deify?1,
faonlineapp.dhs.tn.gov,https://faonlineapp.dhs.tn.gov/,hmholland,plums.Deify1,
formspree.io,https://formspree.io/,drawpdeadredd@gmail.com,Subsidize&Dullness&Aqueduct8&Snazzy,
formspree.io,https://formspree.io/,jreddrobinson@hotmail.com,Rojas.Muer70!!,
formswift.com,https://formswift.com/,drawpdeadredd@gmail.com,rojos.Mu3rt0,
forum.armbian.com,https://forum.armbian.com/,drpdeadredd,reddsd34dD#$Dd34d!!,
forum.xda-developers.com,https://forum.xda-developers.com/,drpdeadredd,d34d@head,
forums.mydigitallife.net,https://forums.mydigitallife.net/,drawpdeadredd@gmail.com,reddsd34d,
forums.mydigitallife.net,https://forums.mydigitallife.net/,jreddrobinson@gmail.com,reddsd34d,
freebitco.in,https://freebitco.in/,drawpdeadredd@gmail.com,d34d@head,
freebitco.in,https://freebitco.in/,the.rajnosnibor@gmail.com,d34d@head!!,
freeboard.io,https://freeboard.io/,drawpdeadredd@gmail.com,D34d@head,
freevpshosti.net,https://freevpshosti.net/,jreddrobinson@hotmail.com,Better#D34fd\Than::R3dd,
ftx.us,https://ftx.us/,drawpdeadredd@gmail.com,Better#D34d\Than::R3dd,
get.xometry.com,https://get.xometry.com/,drawpdeadredd@gmail.com,reddsd34d,
github.com,https://github.com/,drawpdeadredd@gmail.com,Better#D34d\Than::R3dd,
github.com,https://github.com/,drawpdeadredd@hotmail.com,reddsd34dR!0tr!0t,
github.com,https://github.com/,en.cryptkiller@gmail.com,Better#D34d\Than::R3dd,
github.com,https://github.com/,jreddrobinson@hotmail.com,k3ysijbrzpc5i7q,
github.com,https://github.com/session,cw_9286493@hotmail.com,racist.Shitzu.waffle.making,
github.com,https://github.com/signup,rajnosnibor@hotmail.com,racist.Shitzu.waffle.iron,
github.com,https://github.com/signup,revsec.sys@gmail.com,racist.Shitzu.waffle.art,
githubhot.com,https://githubhot.com/,drawpdeadredd@hotmail.com,REDDSD34Dd#$d!!,
gitlab.com,https://gitlab.com/,,"P,XctL47!tBrjm#",
gitlab.com,https://gitlab.com/,admin@jbrob.com,Better#D34d\Than::R3dd,
gitlab.com,https://gitlab.com/,jbrob,Better#D34d\Than::R3dd,
go2bank.greendotcorp.com,android://B382FB580273F58B03BA7FE2282E93748044D8DCD667A9E30CE8511DCA0E64A46584B9A2D7C48C2756890DCEA23BE61F82BD50B41D4C12E5F5B3F7A2028407B3@com.greendotcorp.go2bank,dr******om,Reddsd34d!!,
go2bank.greendotcorp.com,android://B382FB580273F58B03BA7FE2282E93748044D8DCD667A9E30CE8511DCA0E64A46584B9A2D7C48C2756890DCEA23BE61F82BD50B41D4C12E5F5B3F7A2028407B3@com.greendotcorp.go2bank,dr******oml,d,
go2bank.greendotcorp.com,android://B382FB580273F58B03BA7FE2282E93748044D8DCD667A9E30CE8511DCA0E64A46584B9A2D7C48C2756890DCEA23BE61F82BD50B41D4C12E5F5B3F7A2028407B3@com.greendotcorp.go2bank,drawpdeadredd@gmail.com,Reddsd34d!!,
gold.goodrx.com,https://gold.goodrx.com/,007mschandler@gmail.com,JustJack45,
grayhatwarfare.com,https://grayhatwarfare.com/,guilloteenfling,reddsd34d,
guarda.com,https://guarda.com/app/mobile/create,locache,2jH.s4N_JxQR9rZ,
hitbtc.com,https://hitbtc.com/,jreddrobinson@gmail.com,reddsFED+&d34d!!,
home.openweathermap.org,https://home.openweathermap.org/,drawpdeadredd@gmail.com,reddsd34d,
home.openweathermap.org,https://home.openweathermap.org/,dropdeadredd,reddsd34d,
home.openweathermap.org,https://home.openweathermap.org/,jreddrobinson@hotmail.com,reddsd34d,
hot.com,https://hot.com/,thetoribecks,JustJack45,
hotpot.ai,https://hotpot.ai/,drawpdeadredd@gmail.com,reddsd34d,
hotpot.ai,https://hotpot.ai/,drpdeadredd@gmail.com,Better#D34d\Than::R3dd,
houstonchronicle.newsbank.com,https://houstonchronicle.newsbank.com/sign-up,drawpdeadredd@hotmail.com,d34Dr3dD,
http://0.0.0.0,http://0.0.0.0/,redd,Better-2B-#D34d\Than::R3dd,
http://10.0.0.1,http://10.0.0.1/,admin,123rainiaC,
http://127.0.0.1,http://127.0.0.1/,redd,Better-2B-#D34d\Than::R3dd,
http://127.0.0.1:2501,http://127.0.0.1:2501/,reddri0t,d34D,
http://172.16.16.1:8002,http://172.16.16.1:8002/,guest,logmein!,
http://192.168.1.138:5000,http://192.168.1.138:5000/,redd,r3ddsd34d,
http://192.168.1.238:5000,http://192.168.1.238:5000/,redd,d34D,
http://192.168.1.73:5000,http://192.168.1.73:5000/,drawpdeadredd,d34D,
http://192.168.200.1,http://192.168.200.1/,,welcome,
http://45.63.58.141,http://45.63.58.141/,drupal,d34d@head,
http://45.63.58.141,http://45.63.58.141/,phpmyadmin,d34d@head,
http://brd.cust.blueprintrf.com:8000,http://brd.cust.blueprintrf.com:8000/,,side0802,
http://dropdeadsvr.local,http://dropdeadsvr.local/admin/login.php,pi.hole,4HzDwIcW,
http://ezxcess.antlabs.com,http://ezxcess.antlabs.com/,213,robinson,
http://localhost,http://localhost/,redd,Better-2B-#D34d\Than::R3dd,
http://localhost:5000,http://localhost:5000/,drawpdeadredd,d34D,
http://localhost:5000,http://localhost:5000/,drpdeadredd,r3ddd34D,
http://localhost:5000,http://localhost:5000/,redd,d34D,
http://localhost:8000,http://localhost:8000/,redd,reddsd34d,
http://ust.cust.blueprintrf.com:8000,http://ust.cust.blueprintrf.com:8000/,,stop0501,
http://www.rubmd.info,http://www.rubmd.info/,stgads4tori@gmail.com,NustJack4488*,
http://www.usasexguide.nl,http://www.usasexguide.nl/,Ifthisisahobby,reddsd34d,
http://www.usasexguide.nl,http://www.usasexguide.nl/,Kimber Skye,JustJack4488*,
http://www.usasexguide.nl,http://www.usasexguide.nl/,KimberSkye,JustJack4488*,
http://www.usasexguide.nl,http://www.usasexguide.nl/,TheToriBecks,plums.Deify1,
http://www.usasexguide.nl,http://www.usasexguide.nl/,YoupaidForit2 ,d34d@head!!,
http://www.usasexguide.nl,http://www.usasexguide.nl/,kimber Skye,JustJack4488*,
hub.docker.com,https://hub.docker.com/,drpdeadredd,reddsd34dR!0t,
hub.nashville.gov,https://hub.nashville.gov/,jreddrobinson@gmail.com,D34d@head!,
huggingface.co,https://huggingface.co/,1nfraR3dd,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,
huggingface.co,https://huggingface.co/,41ipkihva@mozmail.com,"Bysp=""*9n3uYU@#",
huggingface.co,https://huggingface.co/,drawpdeadredd@hotmail.com,rac1st.Shitzu.AF,
i.ezvizlife.com,https://i.ezvizlife.com/,,Reddsd34d!!,
id.kraken.com,https://id.kraken.com/sign-in,drawpdeadredd@hotmail.com,d34Dr3dD!!!!,
identity.doordash.com,https://identity.doordash.com/,drawpdeadredd@gmail.com,d34d@head!!,
idmsa.apple.com,https://idmsa.apple.com/,dropdeadredd@icloud.com,Better#D34d\Than::R3dd,
idmsa.apple.com,https://idmsa.apple.com/,heidiheartredd@icloud.com,shitty.Olive45,
idmsa.apple.com,https://idmsa.apple.com/,jwhargis@gmail.com,8rainiaC!,
idmsa.apple.com,https://idmsa.apple.com/,skuttlebuttandus@gmail.com,Dthomas1,
idmsa.apple.com,https://idmsa.apple.com/appleauth/auth/authorize/signin,heidiheartredd@icloud.co,EvilOlive458,
idmsa.apple.com,https://idmsa.apple.com/appleauth/auth/authorize/signin,heidiheartredd@icloud.com6,EvilOlive45,
idmsa.apple.com,https://idmsa.apple.com/appleauth/auth/authorize/signin,swervingbricks@icloud.com,Dthomas45,
ikeymonitor.com,https://ikeymonitor.com/,gofuckyourself,8232435p,
ikeymonitor.com,https://ikeymonitor.com/,pedanticpanic,9625999b,
imgur.com,https://imgur.com/,the.rajnosnibor@gmail.com,d34d@head,
inner-circle.circlek.com,https://inner-circle.circlek.com/,sjfw5298c@mozmail.com,d34Dr3dD,
inquiryv4.wgu.edu,https://inquiryv4.wgu.edu/,jreddrobinson@hotmail.com,467891,
iosgods.com,https://iosgods.com/,drawpdeadredd@gmail.com,d34d@head!!,
ipostal1.com,https://ipostal1.com/,rajnosnibor,d34d@head!!,
ipostal1.com,https://ipostal1.com/secure_checkout.php,dropdeadredd,d34Dr3dD,
join.fuelrewards.com,https://join.fuelrewards.com/frconnect/registrationPost,drawpdeadredd@hotmail.com,d34Dr3dD,
just-kill.win,https://just-kill.win/,,Reddsd34d**,
just-kill.win,https://just-kill.win/,balloonknotbombs,Reddsd34d**,
keypicking.com,https://keypicking.com/,drpdeadredd,Soapy.Toa5ter.Sewiesid3,
ko-fi.com,https://ko-fi.com/,drawpdeadredd@gmail.com,Better#d34d/Than::R3dd,
lastpass.com,https://lastpass.com/,jri0t@dropdeadsec.com,racist.Labrad00dle.tiki-torches,
leetcode.com,https://leetcode.com/,debugspray,d34Dr3dD,
lenmo-2a623.firebaseapp.com,https://lenmo-2a623.firebaseapp.com/__/auth/action,jreddrobinson@gmail.com,d34Dr3dD,
lenmo.lenmoinc.com,android://E033B79B3B6F0F6E792354E87EB18635B6F3D5F95BB9842D70B708682ACAFD3F9D68BECF5CBC22DDB4B276398DEF698E48364D865A4536E32276F9732ED93D14@com.lenmoinc.lenmo,jreddrobinson@gmail.com,d34Dr3dD,
loans.marinerfinance.com,https://loans.marinerfinance.com/,skjackson8547@gmail.com,Liberty25,
lobby.grandevegascasino.com:2572,https://lobby.grandevegascasino.com:2572/,drawpdeadredd,d34Dr3dD,
lobby.grandevegascasino.com:2572,https://lobby.grandevegascasino.com:2572/,drawpdeadredd@gmail.com,d34Dr3dD,
localhost:3790,https://localhost:3790/,redd,Cardboard::Sine#WillWork4d34d,
localmonero.co,https://localmonero.co/,drawpdeadredd@gmail.com,reddsd34d,
localxlist.org,https://localxlist.org/,stgads4tori@gmail.com,JustJack45,
localxlist.org,https://localxlist.org/,thetoribecks,JustJack45,
login.chumbacasino.com,https://login.chumbacasino.com/register,drawpdeadredd@hotmail.com,ctk-Trq4qc6PuGa,
login.coinbase.com,https://login.coinbase.com/,jreddrobinson@gmail.com,d34Dr3dD!,
login.coinbase.com,https://login.coinbase.com/signin,drawpdeadredd@hotmail.com,Better#D34d\Than::R3dd,
login.docker.com,https://login.docker.com/,drpdeadredd,reddsd34dR!0t,
login.ionos.com,https://login.ionos.com/,dropdeadsec.com,racist.labrad00dles.ri0T,
login.launchpad.net,https://login.launchpad.net/,cryptkiller@tfwno.gf,Reddsd34d!!,
login.live.com,https://login.live.com/,+1 915-333-2561,reddsd34d,
login.live.com,https://login.live.com/,drawpdeadredd@hotmail.com,soapy.toaster.1Zap.burnt.loofah,
login.live.com,https://login.live.com/,mdmedadm@outlook.com,Better#D34d\Than::R3dd,
login.live.com,https://login.live.com/,rajnosnibor@hotmail.com,d34d@head,
login.live.com,https://login.live.com/,skjackson8547@outlook.com,Liberty.25,
login.live.com,https://login.live.com/,toribecks@outlook.com,plums.DEIFY45,
login.live.com,https://login.live.com/,toribecksphotos@hotmail.com,evilolive45,
login.live.com,https://login.live.com/oauth20_authorize.srf,jreddrobinson@hotmail.com,Better#D34d\Than::R3dd,
login.live.com,https://login.live.com/ppsecure/secure.srf,cw_9286493@hotmail.com,Soapy.Toaster.Sewieside123,
login.microsoftonline.com,https://login.microsoftonline.com/,drawpdeadredd@hotmail.com,d34Dr3dD,
login.microsoftonline.com,https://login.microsoftonline.com/common/oauth2/authorize,toribecksphotos@hotmail.com,She.$ed/Drawp#D34d::R3dd,
login.microsoftonline.com,https://login.microsoftonline.com/common/oauth2/v2.0/authorize,drawpdeadredd@hotmail.comg,d34Dr3dD,
login.microsoftonline.com,https://login.microsoftonline.com/organizations/oauth2/v2.0/authorize,cw_9286493@hotmail.com,d34Dr3dD,
login.nav.com,https://login.nav.com/,revsec.sys@gmail.com,d34Dr3dD!!,
login.neeva.com,https://login.neeva.com/,drawpdeadredd@gmail.com,soapy.toaws ter.f1zz.Unbl3ss3d,
login.nvgs.nvidia.com,https://login.nvgs.nvidia.com/v1/login/password,drawpdeadredd@hotmail.com,Racist.monkey.fagg0t.waffle,
login.sofi.com,https://login.sofi.com/,jreddrobinson@gmail.com,Reddsd34d!!,
login.sofi.com,https://login.sofi.com/u/login,revsec.sys@gmail.com,d34Dr3dX!,
login.teamviewer.com,https://login.teamviewer.com/,drawpdeadredd@hotmail.com,reddsd34dD#$D!!,
login.verizonwireless.com,https://login.verizonwireless.com/,9153332561,Reddsd34d!!,
loginportal8.wanderingwifi.com,https://loginportal8.wanderingwifi.com/,,Stay.Rewarded.,
m.facebook.com,https://m.facebook.com/,,REDD$d34d@head!!,
m.facebook.com,https://m.facebook.com/,drawpdeadredd@gmail.com,Reddsd34d!!,
m.facebook.com,https://m.facebook.com/login/,drawpdeadredd@hotmail.com,d34Dr3dD,
mahalo.sonder.com,android://3C690C65E09C2677480495AD290D2027DE33B80FF506728B7CE39DE4EE3AE55220C2927D1ACD41C175F784CA7AE0C7286BB2184AC6E5CA0E9B32C5E8F329E2C5@com.sonder.mahalo,toribecksphotos@hotmail.com,!!d34Dr3dD!!,
mail.ctemplar.com,https://mail.ctemplar.com/,redd.therevenant@ctemplar.com,d34d@head!!,
manage.sslforfree.com,https://manage.sslforfree.com/,derelictdb@gmail.com,wxRgkbbqrpSq6CU,
marketplace-web.moneylion.com,https://marketplace-web.moneylion.com/,jreddrobinson@hotmail.com,Reddsd34d!!,
mcgift.giftcardmall.com,https://mcgift.giftcardmall.com/,31,986,
mega.nz,https://mega.nz/,drpdeadredd@gmail.com,reddsd34D,
mega.nz,https://mega.nz/,skayjackson47@gmail.com,5Od34d@head!!,
megapersonals.eu,https://megapersonals.eu/users/auth/login,cw_9286493@hotmail.com,d34Dr3dD,
member.chime.com,https://member.chime.com/,reddsec.sys@gmail.com,Reddsd34d,
member.chime.com,https://member.chime.com/,skjackson8547@gmail.com,Reddsd34d!!!,
member.chimebank.com,https://member.chimebank.com/,reddsec.sys@gmail.com,Reddsd34d,
members.seeking.com,https://members.seeking.com/,stgads4tori@gmail.com,plums.Deify1,
members.whatsyourprice.com,https://members.whatsyourprice.com/,heidiluvsredd@gmail.com,JustJack45,
minergate.com,https://minergate.com/,drawpdeadredd@gmail.com,reddsd34d,
monect.com,https://monect.com/,jreddrobinson@gmail.com,reddsd34d,
moneyspot.secure.force.com,https://moneyspot.secure.force.com/,drawpdeadredd@gmail.com,Reddsd34d!!,
moz.com,https://moz.com/,TBecks.media,d34d@head!!,
my.1password.com,https://my.1password.com/,,d34DeyedicK,
my.dnb.com,https://my.dnb.com/login,cw_9286493@hotmail.com,nanerPudd1n?,
my.equifax.com,https://my.equifax.com/,ug546bcnc@mozmail.com,d34D@head,
my.found.com,https://my.found.com/,jtbrawny@outlook.com,Brains#0v3r#brawn,
my.ionos.com,https://my.ionos.com/,,Reddsd34d!!,
my.noip.com,https://my.noip.com/,drawpdeadredd@gmail.com,xxxxxxx,
my.roadie.com,https://my.roadie.com/drive/forgot-password,,a*y097facM8b,
my.roadie.com,https://my.roadie.com/drive/forgot-password,drawpdeadredd@gmail.com,Reddsd34d!!,
my.roadie.com,https://my.roadie.com/drive/sign-in,Drawpdeadredd@gmail.com,d34Dr3dD!,
my.roku.com,https://my.roku.com/,drawpdeadredd@gmail.com,reddsd34d,
my.roku.com,https://my.roku.com/,drawpdeadredd@hotmail.com,reddsd34d,
my.sophos.com,https://my.sophos.com/,jreddrobinson@gmail.com,d34d@head!!,
my.surfshark.com,https://my.surfshark.com/account/password,drawpdeadredd@hotmail.com,d34Dr3dD!,
my.textmagic.com,https://my.textmagic.com/,drawpdeadredd@hotmail.com,reddsd34d,
my.textmagic.com,https://my.textmagic.com/,drpdeadredd@gmail.com,reddsd34d,
my.vultr.com,https://my.vultr.com/,bikerman911@hotmail.com,REDD$plums.D34d?,
my.vultr.com,https://my.vultr.com/,drpdeadredd@gmail.com,Better#D34d\Than::R3dd,
my.vultr.com,https://my.vultr.com/,kimberskyesavestheday@gmail.com,Better#D34d\Than::R3dd,
my.vultr.com,https://my.vultr.com/,soltar.rojo.muerto@gmail.com,Reddsd34d!!,
my.vultr.com,https://my.vultr.com/settings/emailverify/,cw_9286493@hotmail.com,dr0Pd34Dr3dD,
myaccount.draftkings.com,https://myaccount.draftkings.com/,drawpdeadredd,d34Dr3dD!!,
myaccount.google.com,https://myaccount.google.com/,drawpdeadredd@gmail.com,soapy.toaster.1Zap!burnt.loofah,
myaccount.google.com,https://myaccount.google.com/,drpdeadredd@gmail.com,soapy.toaster.1Zap!burnt.loofah,
myaccount.google.com,https://myaccount.google.com/,en.cryptkiller@gmail.com,soapy.toaster.1Zap!burnt.loofah,
myaccount.google.com,https://myaccount.google.com/,gueroculeroredd@gmail.com,REDD$d34d@head!!,
myaccount.google.com,https://myaccount.google.com/,jreddrobinson@gmail.com,soapy.toaster.1Zap!burnt.loofah,
myaccount.google.com,https://myaccount.google.com/,reddsec.sys@gmail.com,REDD$d34d@head!!,
myaccount.google.com,https://myaccount.google.com/,soltar.rojo.muerto@gmail.com,REDD$d34d@head!!,
myaccount.google.com,https://myaccount.google.com/signinoptions/password,the.rajnosnibor@gmail.com,nazi.Fuck.0ff.goose.waddle.,
myaccount.qualcomm.com,https://myaccount.qualcomm.com/,Light Registered Users (9999),d34Dr3dD,
myaccount.qualcomm.com,https://myaccount.qualcomm.com/,revsec.sys@gmail.com,d34Dr3dD,
mynetworksettings.com,https://mynetworksettings.com/,,6VQXLTJ7R,
mynetworksettings.com,https://mynetworksettings.com/,Verizon_TX9Z4N,mug-tarn6-straw,
nashville.rubratings.com,https://nashville.rubratings.com/,thetoribecks@gmail.com,JustJack45,
neeva.com,https://neeva.com/,,soapy.toaster.f1zz.Unbl3ss3d,
newsapi.org,https://newsapi.org/,drawpdeadredd@gmail.com,reddsd34d,
nextcloud05.webo.cloud,https://nextcloud05.webo.cloud/,drpdeadredd@gmail.com,Better#D34d\Than::R3dd,
nic.eu.org,https://nic.eu.org/arf/en/contact/create/,6152007563,d34Dr3dD,
onboarding.banknovo.com,https://onboarding.banknovo.com/,revenantsec@cyberservices.com,rojos.Mu3rt0!!,
onboarding.splitit.com,https://onboarding.splitit.com/,revsec.sys@gmail.com,d34D@head,
ondeck.1west.com,https://ondeck.1west.com/,,d34Dr3dD,
onedhs.tn.gov,https://onedhs.tn.gov/,,Pointed9Aros/-Sand?,
onedhs.tn.gov,https://onedhs.tn.gov/,drawpdeadredd@hotmail.com,Pointed9Aros/-Sand?,
online.af247.com,https://online.af247.com/,JREDDROBINSON@GMAIL.COM,d34d@head,
online.bbvausa.com,https://online.bbvausa.com/,wchandler,JustJack45,
online.ondeck.com,https://online.ondeck.com/,revsec.sys@gmail.com,d34Dr3dD!,
onlinebanking.usbank.com,https://onlinebanking.usbank.com/digital/oauthlogin/,drawpdeadredd,d34Dr3dD,
onlinesim.io,https://onlinesim.io/,drpdeadredd@gmail.com,reddsd34d,
onlyfans.com,https://onlyfans.com/,stgads4tori@gmail.com,JustJack4488*,
onlyfans.com,https://onlyfans.com/,thetoribecks@gmail.com,plums.Deify?0,
onlyfans.com,https://onlyfans.com/,toriwantsredd@gmail.com,JustJack45,
openwebui.com,https://openwebui.com/,drawpdeadredd,d34Dr3dD,
password.ionos.com,https://password.ionos.com/,lovelykimberskye@gmail.com,JustJack4488,
paxful.com,https://paxful.com/,the.rajnosnibor@gmail.com,REDD$d34d@head!!,
payments.jjratings.com,https://payments.jjratings.com/,drawpdeadredd@gmail.com,794,
payments.jjratings.com,https://payments.jjratings.com/,jreddrobinson@gmail.com,986,
payments.jjratings.com,https://payments.jjratings.com/,kimberskyesavestheday@gmail.com,794,
pdnesb2c.b2clogin.com,https://pdnesb2c.b2clogin.com/,jwhargis@gmail.com,8rainiaC!,
peer.proxyrack.com,https://peer.proxyrack.com/,jreddrobinson@hotmail.com,Better#D34d\Than::R3dd,
perfectmine.io,https://perfectmine.io/,demo,demo911,
perpay.com,https://perpay.com/,,d34Dr3dD,
platform.nexo.io,https://platform.nexo.io/,drawpdeadredd@gmail.com,reddsd34d,
poker.betonline.ag,https://poker.betonline.ag/mobilepoker/index.htm,drawpdeadredd@hotmail.com,d34Dr3dD,
poloniex.com,https://poloniex.com/,jreddrobinson@gmail.com,reddsFED+&d34d!!,
portal.aws.amazon.com,https://portal.aws.amazon.com/,,Better#D34d\Than::R3dd,
portal.aws.amazon.com,https://portal.aws.amazon.com/,admin@jbrob.com,Better#D34d\Than::R3dd,
portal.aws.amazon.com,https://portal.aws.amazon.com/,drawpdeadredd@gmail.com,reddsd34dD#$D!!,
portal.azure.com,https://portal.azure.com/,mng,Proudboy.faggot.goose.w@ddle,
portal.ipostal1.com,https://portal.ipostal1.com/login,rajnosnibor,d34d@head!!,
portswigger.net,https://portswigger.net/users,spinylobster314@goldfishgateway.com,PMfmWwngQ.23gy/%.d!Wi[J-7r$7j3)C,
postridgeapartments.securecafe.com,https://postridgeapartments.securecafe.com/onlineleasing/post-ridge/register.aspx,drawpdeadredd@hotmail.com,soapy.toaster.CUNT.w4ffle,
preferred411.com,https://preferred411.com/,kscaresless,JustJack4488*!,
preferred411.com,https://preferred411.com/,toribecksnsfw,plums.DEIFY45,
preferred411.com,https://preferred411.com/companion/register,toribecks,evil.Olive45,
privatedelights.ch,https://privatedelights.ch/,TheToriBecks,plums.Deify1,
privatedelights.ch,https://privatedelights.ch/signup,toribecks,evil.Olive4545,
pro.coinmarketcap.com,https://pro.coinmarketcap.com/,,reddsd34d,
prod.lili.co,https://prod.lili.co/,(615) 613-3315,rojos.Mu3rt0!!,
profile.callofduty.com,https://profile.callofduty.com/,drawpdeadredd@gmail.com,d34d@head,
pulsesms.app,https://pulsesms.app/,drawpdeadredd@gmail.com,8rain.d34d,
rabbit.droid.taskrabbit.com,android://347371E453292EEA6CECC61F8D7908DEA8E6DC47C42EB9E1A74E630171D41E7CA817726A17B029AE7E5DCCE8C47851961EAC4A2BA847F97F3E4A685BE997A30C@com.taskrabbit.droid.rabbit,drawpdeadredd@hotmail.com,d34Dr3dD!,
razerid.razer.com,https://razerid.razer.com/,jreddrobinson@gmail.com,reddsd34d,
reg.usps.com,https://reg.usps.com/,drpdeadredd,Better#D34d/Than(R3dd),
register.defensivedriving.com,https://register.defensivedriving.com/,40134642,Liberty25,
register.defensivedriving.com,https://register.defensivedriving.com/,skjackson8547@gmail.com,Liberty25,
rivergatemeadows.securecafe.com,https://rivergatemeadows.securecafe.com/,heidiluvsredd@gmail.com,JustJack45!,
samfw.com,https://samfw.com/register,,U6cVm8xdSgYuG_A,
secure.balancecredit.com,https://secure.balancecredit.com/,heidiluvsredd@gmail.com,JustJack45,
secure.balancecredit.com,https://secure.balancecredit.com/,rajnosnibor@hotmail.com,d34d@head,
secure.bestmark.com,https://secure.bestmark.com/,jreddrobinson@hotmail.com,reddsd34d,
secure.chase.com,https://secure.chase.com/web/oao/application/retail,,467-81-0339,
secure.go2bank.com,https://secure.go2bank.com/account/auth/login,Drawpdeadredd@gmail.com,Reddsd34d!!,
secure.indeed.com,https://secure.indeed.com/auth,,racist.Shitzu.waffle.h8,
secure.jobappnetwork.com,https://secure.jobappnetwork.com/,9155880246,JustJack45,
secure.login.gov,https://secure.login.gov/,drpdeadredd@gmail.com,Redds.d34d!!,
secure.myfico.com,https://secure.myfico.com/signup,drawpdeadredd@hotmail.com,d34Dr3dD,
secure.opploans.com,https://secure.opploans.com/,jreddrobinson@gmail.com,D34d@head,
secure.serve.com,https://secure.serve.com/,heidihasnohalo,JustJack45,
secure.speedycash.com,https://secure.speedycash.com/,skayjackson47@gmail.com,Libarty25,
secure.verizon.com,https://secure.verizon.com/,rajnosnibor,d34Dr3dD,
secured.creditsesame.com,https://secured.creditsesame.com/,heidiluvsredd@gmail.com,JustJack45,
secured.creditsesame.com,https://secured.creditsesame.com/,jreddrobinson@gmail.com,Reddsd34d,
secured.creditsesame.com,https://secured.creditsesame.com/,pj.chandler76@gmail.com,Fuck4Duck!!aj,
secured.creditsesame.com,https://secured.creditsesame.com/,skayjackson47@gmail.com,Liberty25,
secured.creditsesame.com,https://secured.creditsesame.com/,skjackson8547@gmail.com,Liberty25,
secured.creditsesame.com,https://secured.creditsesame.com/login,ginger.snaps.harper@outlook.com,white.Trash.Hoe.B4g,
sedo.com,https://sedo.com/,,Reddsd34d##,
sedo.com,https://sedo.com/,drpdeadredd,Reddsd34d##,
sellercentral.amazon.com,https://sellercentral.amazon.com/,rajnosnibor@hotmail.com,d34Dr3dD,
signin.att.com,https://signin.att.com/,Heidiluvsredd,plums.Deify?1,
signin.aws.amazon.com,https://signin.aws.amazon.com/,drawpdeadredd@hotmail.com,d34Dr3dD,
signin.aws.amazon.com,https://signin.aws.amazon.com/,en.cryptkiller@gmail.com,Cardboard::Sine#Quarter4Beer/Beggar,
signin.aws.amazon.com,https://signin.aws.amazon.com/,lovelykimberskye@gmail.com,Sw&mpy.P%*d.Donkey~,
signin.aws.amazon.com,https://signin.aws.amazon.com/,mdmedadm@outlook.com,Better#D34d\Than::R3dd,
signin.aws.amazon.com,https://signin.aws.amazon.com/,the.rajnosnibor@gmail.com,Sw&mpy.P%*d.Donkey~,
signin.aws.amazon.com,https://signin.aws.amazon.com/signup,ghettoSEC,dr0Pd34Dr3dD,
signin.ea.com,https://signin.ea.com/p/juno/login,drawpdeadredd@hotmail.com,dr0Pd34Dr3dD,
signin.ebay.com,https://signin.ebay.com/,cryptkiller@tfwno.gf,reddsd34d,
signin.simple.com,https://signin.simple.com/,jreddrobinson,Reddsd34d!!,
signup.anytimemailbox.com,https://signup.anytimemailbox.com/signup/applicant,drawpdeadredd@hotmail.com,d34Dr3dD,
signup.cloud.oracle.com,https://signup.cloud.oracle.com/,cw_9286493@hotmail.com,d34Dr3dD!!,
signup.cloud.oracle.com,https://signup.cloud.oracle.com/,drpdeadredd@gmail.com,Better#D34dthan::R3dd,
signup.heroku.com,https://signup.heroku.com/,,Better#D34d\Than::R3dd,
signup.heroku.com,https://signup.heroku.com/,drawpdeadredd@gmail.com,Better#D34d/Than::R3dd,
signup.hulu.com,https://signup.hulu.com/,drawpdeadredd@icloud.com,reddsd34d,
signup.hulu.com,https://signup.hulu.com/,jreddrobinson@hotmail.com,d34Dr3dD,
signup.hulu.com,https://signup.hulu.com/,jri0t@dropdeadsec.com,d34Dr3dD,
signup.hulu.com,https://signup.hulu.com/,laidbacksamurai@gmail.com,reddsd34d,
signup.hulu.com,https://signup.hulu.com/,stgads4tori@gmail.com,d34Dr3dD,
signup.hulu.com,https://signup.hulu.com/account,toribecksphotos@hotmail.com,d34Dr3dD,
signup.hulu.com,https://signup.hulu.com/account/create-account,C. Cooperative,d34Dr3dD,
signup.hulu.com,https://signup.hulu.com/account/create-account,Jarred Robinson,d34Dr3dD,
signup.live.com,https://signup.live.com/,DebsCrazierbyFar@outlook.com,Coupe*Detats*R*EnVogu3,
signup.live.com,https://signup.live.com/,cw_9286493@hotmail.com,Soapy.Toaster.Sewieside123,
signup.live.com,https://signup.live.com/,drawpdeadredd@hotmail.com,d34d@head,
signup.live.com,https://signup.live.com/,jreddrobinson@hotmail.com,Better#D34d\Than::R3dd,
signup.live.com,https://signup.live.com/,mdmedadm@outlook.com,8rain.d34d,
signup.live.com,https://signup.live.com/,rajnosnibor@hotmail.com,d34d@head,
signup.live.com,https://signup.live.com/,toribecks@outlook.com,plums.DEIFY45,
signup.mail.com,https://signup.mail.com/,revenantsec,rojos.Mu3rt0!!,
signup.payoneer.com,https://signup.payoneer.com/,drawpdeadredd@gmail.com,d34Dr3dD.d34d,
sipsap.com,https://sipsap.com/,thetoribecks,plums.Deify1,
sjobs.brassring.com,https://sjobs.brassring.com/,jreddrobinson@gmail.com,Reddsd34d!!,
skipthegames.com,https://skipthegames.com/,toribecksphotos@hotmail.com,Paynoattention!,
skipthegames.com,https://skipthegames.com/auth/login,toribecksphotos@hotmail.com,Paynoattention!,
skytechgaming.com,https://skytechgaming.com/,skjackson8547@gmail.com,rojos.Mu3rt0,
sms.esimplus.me,https://sms.esimplus.me/,the.rajnosnibor@gmail.com,reddsd34d,
snazzymaps.com,https://snazzymaps.com/,drawpdeadredd@gmail.com,D34d@head,
sp004.pcrint.net,https://sp004.pcrint.net/,2626190,Reddsd34d!!,
sso.godaddy.com,https://sso.godaddy.com/,,Reggie#1dog,
sso.redhat.com,https://sso.redhat.com/,gringos.son.puercos,Better#D34d\Than::R3dd,
ssoauth.verizon.com,https://ssoauth.verizon.com/sso/VOLPortalLogin,rajnosnibor,d34Dr3dD,
sspacknship.anytimemailbox.com,https://sspacknship.anytimemailbox.com/,drawpdeadredd@hotmail.com,d34Dr3dD,
stackoverflow.com,https://stackoverflow.com/,drpdeadredd@gmail.com,Reddsd34d!!,
stake.us,https://stake.us/,drawpdeadredd,d34Dr3dD,
steamcommunity.com,https://steamcommunity.com/openid/loginform/,blownballoonknot,d34Dr3dD,
steelseries.com,https://steelseries.com/,jreddrobinson@gmail.com,reddsd34d,
store.steampowered.com,https://store.steampowered.com/login/,blownballoonknot,d34Dr3dD,
studentaid.gov,https://studentaid.gov/,drpdeadredd,Better#D34d\Than::R3dd,
studentaid.gov,https://studentaid.gov/fsa-id/sign-in/landing,jreddrobinson@hotmail.com,d34Dr3dD,
switter.at,https://switter.at/,thetoribecks@gmail.com,plums.Deify?1,
thetoribecks.com:10000,https://thetoribecks.com:10000/,admin,d34d@head,
timur.mobi,https://timur.mobi/,88689442163,reddsd34d,
tosluts.com,https://tosluts.com/,reddridinghood,reddsd34d,
try.digitalocean.com,https://try.digitalocean.com/,drpdeadredd@gmail.com,Better#D34d\Than::R3dd,
tryhackme.com,https://tryhackme.com/,dropdeadredd,double.DUB.toil&trouble.,
twitter.com,https://twitter.com/,@thetoribecks,JustJack45,
txt.texas.gov,https://txt.texas.gov/,drawpdeadredd@gmail.com,d34Dr3dD,
update.biz.nf,https://update.biz.nf/,drpdeadredd@gmail.com,Reddsd34d!!,
us-east-1.console.aws.amazon.com,https://us-east-1.console.aws.amazon.com/,admin,Sw&mpy.P%*d.Donkey~,
us-east-1.console.aws.amazon.com,https://us-east-1.console.aws.amazon.com/,control,reddsd34D,
us-east-2.signin.aws.amazon.com,https://us-east-2.signin.aws.amazon.com/oauth,ghettoSEC,dr0Pd34Dr3dD,
us.account.battle.net,https://us.account.battle.net/login/en/,drawpdeadredd@gmail.com,d34Dr3dD,
us.battle.net,https://us.battle.net/,drawpdeadredd@gmail.com,d34d@head!!,
users.nexusmods.com,https://users.nexusmods.com/auth/sign_up,dropdeadredd,d34Dr3dD!!!!,
vault.bitwarden.com,https://vault.bitwarden.com/,drawpdeadredd@hotmail.com,Better#D34d\Than::R3dd,
venmo.com,https://venmo.com/,(915) 247-8719,liberty25,
venmo.com,https://venmo.com/,6293336822,reddsd34d,
venmo.com,https://venmo.com/,9153332561,reddsd34d,
venmo.com,https://venmo.com/,drawpdeadredd@hotmail.com,reddsd34d,
venmo.com,https://venmo.com/,jtbrawny@outlook.com,Brains#0v3r#brawn,
verif.tools,https://verif.tools/en/dl_texas/,drawpdeadredd@gmail.com,d34Dr3dD,
verified.capitalone.com,https://verified.capitalone.com/,dropdeadr3dd,467810339,
veriftools.net,https://veriftools.net/en/,drawpdeadredd@gmail.com,d34Dr3dD,
verify.proof.com,https://verify.proof.com/,3NM6TCRF,7399PF,
vinelink.vineapps.com,https://vinelink.vineapps.com/person-detail/offender/38542480,,d34Dr3dDd34D,
voice.google.com,https://voice.google.com/,drawpdeadredd,Reddsd34d!!,
volunteerproperties.appfolio.com,https://volunteerproperties.appfolio.com/,skjackson8547@gmail.com,reddsd34dD#$D!!,
vpn.ac,https://vpn.ac/cart.php,vpn38282572,dr0Pd34Dr3dD!!,VPN
vpn.ac,https://vpn.ac/clientarea.php,cw_9286493@hotmail.com,dr0Pd34Dr3dD!!,
vpswala.org,https://vpswala.org/,drawpdeadredd@hotmail.com,Thunder.CUNT.c0n.carn3,
vpswala.org,https://vpswala.org/cart/cart.php,meetandgreek.net,d34Dr3dD,
vpswala.org,https://vpswala.org/cart/register.php,drawpdeadredd@gmail.com,d34Dr3dD,
web.moneylion.com,https://web.moneylion.com/,rajnosnibor@hotmail.com,rac1st.shitzu.AF,
widgets.moneydesktop.com,https://widgets.moneydesktop.com/md/connect/6h8n3vs1r7bj8f291j6j543x4AZl7lvh2fbkztjk2nsjAshvtnrj3hqp9vctvyrkx5dc6qgAtsAtg10bpb0bh49nhkfygz80n6dAtpg005zsfd2pq3m7jzxc8kp6y2A2ch61c75kykA1t8l3y3mwwx9445b859by26mlv6bjmjmkvcksy4bbxhbdcyf4t49vt126v6lzhvz0Akxd2r16zbc4ns05z003qs3s50k0zAnm4909pAprc59gwmxAAA2kkAAxgy76c0vhvlnwhr2A44z71f723gchnfk8fyb11kcm2xs6ht4vfggb3215x191t3mlqvc6xfdp2jldxrrx9prn23Ax0w9k7pcz3dw3/eyJ1aV9tZXNzYWdlX3ZlcnNpb24iOjQsInVpX21lc3NhZ2Vfd2Vidmlld191cmxfc2NoZW1lIjoibXgiLCJtb2RlIjoidmVyaWZpY2F0aW9uIiwid2FpdF9mb3JfZnVsbF9hZ2dyZWdhdGlvbiI6dHJ1ZSwibG9jYWxlIjoiZW4tY2EifQ%3D%3D,drawpdeadredd@gmail.com,Reddsd34d!!,
wifi.hospitalitywifi.com,https://wifi.hospitalitywifi.com/,guest,welcome,
wigle.net,https://wigle.net/,drpdeadredd@gmail.com,reddsd34d,
wildflings.com,https://wildflings.com/,r!otreverie,d34Dr3dD,
wildflings.com,https://wildflings.com/,r1otreverie,d34Dr3dD,
wordpress.com,https://wordpress.com/,derelictdb,Better#D34d.Than::R3dd,
wordpress.com,https://wordpress.com/,derelictdb@gmail.com,Better#D34d.Than::R3dd,
workplace.clickworker.com,https://workplace.clickworker.com/,rajnosnibor,Soapy.Toaster.Sewieside123,
workspace.google.com,https://workspace.google.com/business/signup/account,headhoncho,d34Dr3dD,
www-v1.genymotion.com,https://www-v1.genymotion.com/,drawpdeadredd@gmail.com,d34d@head,
www.amazon.co.uk,https://www.amazon.co.uk/,16156133315,reddsd34d,
www.amazon.com,https://www.amazon.com/,(910) 591-2801,AYAAFPOrMcRSEF3rQn+x8Gqo36EAAAABAAZzaTptZDUAIDU2ZDE0ZWRjZThlMmNiNmM2ODQyYzU5ZGRhZWU0MjZlAQA799DPZIyuG71nHqI8XtNox4HH4y0eZiDGVpUhrNTjMH4ceukIY6NexExv48aje6bDdvPf7PhlAELP9G21uaz1vTdBOFziHAUiFnLDjjF7XFP7z2pZ6isUOa0lk05iqtLXQpJW4h6+4ZBT099Gq+D9RSpPoSUz+q4pNulsJpO1RMMVv/bY7TiY9lPX3rplAhEB+DCRwt/ZBzf1WG2EFJO/ONmP2fApm3DpjBOyRdTXElQt/12GcQkO1p00HKTx+lvnwsq2J4Ee4qSU02FBblUPAPlweRN4xQuuLUKZAW7eoQLLsgEVAmmNrMlyrGEy65FBWKtUM/ZABYr89O6khLodAgAAAAAMAAAACQAAAAAAAAAAAAAAALcNXj4OeTs6f/YXgcoWl0H/////AAAAAQAAAAAAAAAAAAAAAQAAAAjMEIHM3zJjQiyjOwXgHR0/pGs9vpGV7d0=,
www.amazon.com,https://www.amazon.com/,16152007563,d34Dr3dD,
www.amazon.com,https://www.amazon.com/,16154996201,d34Dr3dD,
www.amazon.com,https://www.amazon.com/,16156133315,reddsd34d,
www.amazon.com,https://www.amazon.com/,16293336822,reddsd34d,
www.amazon.com,https://www.amazon.com/,19105912801,d34Dr3dD,
www.amazon.com,https://www.amazon.com/,19153332561,reddsd34d,
www.amazon.com,https://www.amazon.com/,19156135762,reddsd34d,
www.amazon.com,https://www.amazon.com/,6156133315,reddsd34d,
www.amazon.com,https://www.amazon.com/,9156135762,reddsd34d,
www.amazon.com,https://www.amazon.com/,admin@kimberskye.com,reddsd34d,
www.amazon.com,https://www.amazon.com/,drawpdeadredd@hotmail.com,d34Dr3dD,
www.amazon.com,https://www.amazon.com/,j.robinson@kimberskye.com,reddsd34d,
www.amazon.com,https://www.amazon.com/,jreddrobinson@hotmail.com,d34Dr3dD,
www.amazon.com,https://www.amazon.com/,kimber@kimberskye.com,justjack4488,
www.amazon.com,https://www.amazon.com/,skayjackson47@gmail.com,Liberty25,
www.amazon.com,https://www.amazon.com/,skjackson8547@gmail.com,Liberty25,
www.amazon.com,https://www.amazon.com/,stgads4tori@gmail.com,JustJack45,
www.amazon.com,https://www.amazon.com/ap/register,J.B. Robinson,d34Dr3dD,
www.amazon.com,https://www.amazon.com/ap/register,cw_9286493@hotmail.com,d34Dr3dD,
www.amazon.com,https://www.amazon.com/ap/register,drawpdeadredd@outlook.com,d34Dr3dD,
www.amazon.com,https://www.amazon.com/ap/register,the.rajnosnibor@gmail.com,d34Dr3dD,
www.amazon.com,https://www.amazon.com/ap/register,the.rajnosnibor@hotmail.com,JQA95mH-g.AEK_x,
www.amazon.com,https://www.amazon.com/ax/claim,16156131521,d34Dr3dD,
www.ancestry.com,https://www.ancestry.com/,drawpdeadredd@gmail.com,d34Dr3dD,
www.ancestry.com,https://www.ancestry.com/,drawpdeadredd@hotmail.com,d34Dr3dD,
www.ancestry.com,https://www.ancestry.com/,jreddrobinson@gmail.com,d34d@head,
www.archives.com,https://www.archives.com/,jreddrobinson@gmail.com,d34d@head,
www.armslist.com,https://www.armslist.com/,drawpdeadredd@gmail.com,d34d@head,
www.ashleymadison.com,https://www.ashleymadison.com/,toribecksondeck,JustJack45,
www.avant.com,https://www.avant.com/,jreddrobinson@gmail.com,d34d@head,
www.awardspace.com,https://www.awardspace.com/,jreddrobinson@gmail.com,911MasterKing*91,
www.awardspace.com,https://www.awardspace.com/,redddevelsystems@gmail.com,JustJack45,
www.bankrate.com,https://www.bankrate.com/,,JustJack4488!,
www.bestbuy.com,https://www.bestbuy.com/,admin@kimberskye.com,JustJack4488,
www.bestbuy.com,https://www.bestbuy.com/,drawpdeadredd@gmail.com,Reddsd34d!!,
www.bestbuy.com,https://www.bestbuy.com/identity/newAccount,,JQ42xD_eQ!7UdkA,
www.bestbuy.com,https://www.bestbuy.com/identity/newAccount,Jarred,b.UEw5mWZ!.MSxK,
www.bestbuy.com,https://www.bestbuy.com/identity/newAccount/,,BHuXF-rCdb mw2K3,
www.bestbuy.com,https://www.bestbuy.com/identity/newAccount/,,BHuXF-rCdbmw2K3,
www.betbigdollar.com,https://www.betbigdollar.com/welcome/bd-200bigprize-bigprize,drawpdeadredd@hotmail.com,d34Dr3dD,
www.bidfta.com,https://www.bidfta.com/,drpdeadredd@gmail.com,Reddsd34d,
www.binance.us,https://www.binance.us/,jreddrobinson@gmail.com,reddsFED+&d34d!!,
www.bios-mods.com,https://www.bios-mods.com/,drawpdeadredd,reddsd34d,
www.boxcryptor.com,https://www.boxcryptor.com/,jreddrobinson@gmail.com,REDD$8rain.d34d!!,
www.cam4.com,https://www.cam4.com/,charleechamoix,JustJack4488,
www.cam4.com,https://www.cam4.com/,torisaysplease,JustJAck45!!,
www.casinocontroller.com,https://www.casinocontroller.com/,drawpdeadredd,d34Dr3dD,
www.checkfreescore.com,https://www.checkfreescore.com/iL1ED60V/s/b/1,415,-hL7c-7frCWmpHq,
www.choicecreditscore.com,https://www.choicecreditscore.com/,jreddrobinson@hotmail.com,d34Dr3dD,
www.choicehotels.com,https://www.choicehotels.com/,jreddrobinson@gmail.com,Reddsd34d!!,
www.choicehotels.com,https://www.choicehotels.com/choice-privileges/account/create-password,DRAWPDEADREDD@GMAIL.COM,racist.Shitzu.turnip.junk,
www.choicehotels.com,https://www.choicehotels.com/choice-privileges/account/email-confirmation,drawpdeadredd@gmail.com,racist.Shitzu.turnip.junk,
www.citytelecoin.com,https://www.citytelecoin.com/register.html,drawpdeadredd@hotmail.com,d34Dr3dD,
www.codeium.com,https://www.codeium.com/,drawpdeadredd@hotmail.com,Reddsd354d,
www.coinbase.com,https://www.coinbase.com/,drawpdeadredd@hotmail.com,Better#D34d\Than::R3dd,
www.coinbase.com,https://www.coinbase.com/,jreddrobinson@gmail.com,d34Dr3dD!,
www.connectebt.com,https://www.connectebt.com/,jreddrobinson,reddsd34dR!0t,
www.connectebt.com,https://www.connectebt.com/,reddpanic,d34d@heaD,
www.criterionchannel.com,https://www.criterionchannel.com/,drawpdeadredd@gmail.com,reddsd34d,
www.darkcoders.tech,https://www.darkcoders.tech/,PedanticPanic!,D34D@HEAD,
www.dell.com,https://www.dell.com/dci/idp/dwa/register,Elizabeth ,d34Dr3dD,
www.dell.com,https://www.dell.com/dci/idp/dwa/register,Jarred,racist.Shitzu.waffle4.making,
www.deviantart.com,https://www.deviantart.com/,drawpdeadredd,reddsd34d,
www.devicetrackerplus.com,https://www.devicetrackerplus.com/,jreddrobinson@gmail.com,reddsd34d,
www.dominos.com,https://www.dominos.com/en/pages/order/confirmation,drawpdeadredd@hotmail.com,d34Dr3dD,
www.eccie.net,https://www.eccie.net/,burrodelpantano,8rain.d34d,
www.electrofinance.com,https://www.electrofinance.com/,skayjackson47@gmail.com,d34d@head,
www.elementvape.com,https://www.elementvape.com/,drawpdeadredd@gmail.com,reddsd34dR!0t,
www.epixnow.com,https://www.epixnow.com/,jreddrobinson@gmail.com,d34d@head,
www.erosads.com,https://www.erosads.com/auth/sign-up,toribecksphotos@hotmail.com,d34Dr3dD,
www.eroticmonkey.ch,https://www.eroticmonkey.ch/,007mschandler@gmail.com,JustJack45,
www.eroticmonkey.ch,https://www.eroticmonkey.ch/,KimberSkye,JustJack4488*,
www.eroticmonkey.ch,https://www.eroticmonkey.ch/signup,diddlethacooter,d34Dr3dD,
www.escort-ads.com,https://www.escort-ads.com/,stgads4tori@gmail.com,JustJack4488*,
www.escort-ads.com,https://www.escort-ads.com/,the.rajnosnibor@gmail.com,d34d@head!!,
www.escort-ads.com,https://www.escort-ads.com/,zoeluvsredd@gmail.com,JustJack45,
www.extendedstayamerica.com,https://www.extendedstayamerica.com/,jreddrobinson@hotmail.com,Reddsd34d!!,
www.facebook.com,https://www.facebook.com/,drawpdeadredd@gmail.com,drawpd34dREDD!!,
www.facebook.com,https://www.facebook.com/,lovelykimberskye@gmail.com,JustJack4488,
www.facebook.com,https://www.facebook.com/,thetoribecks@gmail.com,plums.Deify?11,
www.facebook.com,https://www.facebook.com/reg/,,tD9GDp6ps_5tJS_,
www.facebook.com,https://www.facebook.com/reg/,drawpdeadredd@hotmail.com,tD9GDp6ps_5tJS,
www.facebook.com,https://www.facebook.com/reg/,revsec.sys@gmail.com,d34Dr3dd,
www.facebook.com,https://www.facebook.com/security/2fac/setup/intro/,drawpdeadredd@hotmail.com,d34Dr3dD,
www.factortrust.com,https://www.factortrust.com/,jrizzy,i&3JZ~KZigrXj3g,
www.fancyhands.com,https://www.fancyhands.com/,jreddrobinson@hotmail.com,d34Dr3dD,
www.figloans.com,https://www.figloans.com/,drawpdeadredd@gmail.com,reddsd34d,
www.figloans.com,https://www.figloans.com/,drawpdeadredd@hotmail.com,reddsd34d,
www.fontspring.com,https://www.fontspring.com/,skayjackson47@gmail.com,reddsd34d,
www.fuelrewards.com,https://www.fuelrewards.com/fuelrewards/login-signup.html,drawpdeadredd@hotmail.com,d34Dr3dD,
www.gamivo.com,https://www.gamivo.com/,drawpdeadredd,D34d@head,
www.gofundme.com,https://www.gofundme.com/,jreddrobinson@hotmail.com,Better#D34d\Than::R3dd,
www.gofundme.com,https://www.gofundme.com/sign-up,Jarred,racist.Shitzu.waffle.making2,
www.gofundme.com,https://www.gofundme.com/sign-up,drawpdeadredd@hotmail.com,d34D.b.r3dD!,
www.healthcare.gov,https://www.healthcare.gov/,drawpdeadredd@gmail.com,reddsd34dR!0tr!0t,
www.hilton.com,https://www.hilton.com/,1350803761,JustJack45,
www.hilton.com,https://www.hilton.com/,1817307042,Reddsd34d,
www.hilton.com,https://www.hilton.com/,heidiluvsredd@gmail.com,JustJack45,
www.hilton.com,https://www.hilton.com/en/hilton-honors/join/,37209,_.6AtJCjKmFmdH4,
www.hilton.com,https://www.hilton.com/en/hilton-honors/join/,7049 Westwind Dr APT 2021,ri!3pq-Lhek4i9b,
www.hilton.com,https://www.hilton.com/en/hilton-honors/join/confirmation/,2263068047,_.6AtJCjKmFmdH4,
www.hyatt.com,https://www.hyatt.com/,,d34Dr3dD!,
www.ihg.com,https://www.ihg.com/,jreddrobinson@gmail.com,(Reddsd34d),
www.ihg.com,https://www.ihg.com/,zoeluvsredd@gmail.com,JusdtJack45,
www.ihg.com,https://www.ihg.com/rewardsclub/us/en/enrollment/join,cw_9286493@hotmail.com,d34Dr3dD,
www.inboxdollars.com,https://www.inboxdollars.com/,reddsec.sys@gmail.com,reddsd34d,
www.inboxdollars.com,https://www.inboxdollars.com/,sjfw5298c@mozmail.com,reddsd34d,
www.instagram.com,https://www.instagram.com/,drawp.dead.redd,reddsd34d,
www.instagram.com,https://www.instagram.com/,drop.dead.redd,Better#D34d\Than::R3dd,
www.instagram.com,https://www.instagram.com/,kcwearsredd@gmail.com,JustJack45,
www.instagram.com,https://www.instagram.com/,lovely.kimberskye,JustJack4488,
www.instagram.com,https://www.instagram.com/,revDESIGN.sys,d34d@head!!,
www.instagram.com,https://www.instagram.com/,river.is.wylde,JustJack45,
www.instagram.com,https://www.instagram.com/,the.toribecks,JustJack45,
www.instagram.com,https://www.instagram.com/,thetoribecks,#PWD_INSTAGRAM_BROWSER:10:1608068934:AYdQAIp525K6h5M+l51KHuTx/ZVbC0G/TJEt1JepWZzJZFoj/+znQNPMrdarytT2h9PatrG2/PhJ3YcstWrwexV7aodFfZx7HpiJOZX7RzPt4G0+SIvNh3meinOYaCSwMU2G6WP/ZZfHFOfvpPGwcCc=,
www.instagram.com,https://www.instagram.com/,tori.saysplease,JustJack45!!,
www.instagram.com,https://www.instagram.com/,tori_becks,JustJack45,
www.instagram.com,https://www.instagram.com/,torisaysplease,JustJack45!!,
www.ionos.com,https://www.ionos.com/,charleechamoix@gmail.com,reddsd34dR!0tr!0t,
www.ionos.com,https://www.ionos.com/,jreddrobinson@hotmail.com,racist.labrad00dles.ri0T,
www.ionos.com,https://www.ionos.com/,lovelykimberskye@gmail.com,reddsd34dR!0T,
www.jobs4tn.gov,https://www.jobs4tn.gov/,JREDDROBINSON,Reddsd34d!,
www.jobs4tn.gov,https://www.jobs4tn.gov/,Terribishop,sUNsHINE1!,
www.joinourbank.com,https://www.joinourbank.com/,jriotous,d34D&r3dD,
www.kamatera.com,https://www.kamatera.com/,drawpdeadredd@gmail.com,reddsd34dD#$D!!,
www.kamatera.com,https://www.kamatera.com/,en.cryptkiller@gmail.com,Better-2B-#D34d\Than::R3dd,
www.kamatera.com,https://www.kamatera.com/,skayjackson47@gmail.com,thanxkay!!,
www.kdpuploader.com,https://www.kdpuploader.com/,jreddrobinson@hotmail.com,reddsd34d,
www.kraken.com,https://www.kraken.com/,drawpdeadredd,REDD$8rain.d34d!!,
www.kraken.com,https://www.kraken.com/sign-in,drawpdeadredd@hotmail.com,d34Dr3dD!!!!,
www.kroger.com,https://www.kroger.com/,jreddrobinson@gmail.com,d34d@head,
www.kucoin.com,https://www.kucoin.com/,drpdeadredd@gmail.com,Better#D34d\Than::R3dd,
www.lendingtree.com,https://www.lendingtree.com/form/ltgdm/pl/pl_34_t2,,VaaAT5uuTpKRS:8,
www.lendio.com,https://www.lendio.com/,jreddrobinson@gmail.com,Reddsd34d!!,
www.lendup.com,https://www.lendup.com/,jreddrobinson@gmail.com,d34d@head,
www.libravatar.org,https://www.libravatar.org/,drpdeadredd,Better#D34d/Than::R3dd,
www.linkedin.com,https://www.linkedin.com/,jreddrobinson@gmail.com,d34d@head,
www.locanto.com,https://www.locanto.com/,toribecksnsfw,evilOlive1,
www.manyvids.com,https://www.manyvids.com/,toribecks,JustJack4488*,
www.marriott.com,https://www.marriott.com/,352789248,Reddsd34d,
www.marriott.com,https://www.marriott.com/,heidiluvsredd@gmail.com,JustJack45,
www.marriott.com,https://www.marriott.com/,jreddrobinson@hotmail.com,Reddsd34d,
www.marriott.com,https://www.marriott.com/,zoeluvsredd@gmail.com,JustJack45,
www.maxmind.com,https://www.maxmind.com/,drawpdeadredd@gmail.com,reddsd34d,
www.mercari.com,https://www.mercari.com/,,Reddsd34d!!,
www.mercari.com,https://www.mercari.com/,rajnosnibor,LOOK!d34d@head!,
www.mercari.com,https://www.mercari.com/,the.rajnosnibor@gmail.com,d34d@head!!,
www.microbiltconnect.com,https://www.microbiltconnect.com/account/verifynew/a8n1eyvodoXYc0zxCMkjNA2,drawpdeadredd@hotmail.com,d34Dr3dD,
www.mindswarms.com,https://www.mindswarms.com/,drawpdeadredd,reddsd34d,
www.myfonts.com,https://www.myfonts.com/,drawp dead,reddsd34dD#$D,
www.myfreecreditdream.com,https://www.myfreecreditdream.com/,ug546bcnc@mozmail.com,D34D@HEAD,
www.mypoints.com,https://www.mypoints.com/,reddsec.sys@gmail.com,reddsd34d,
www.namecheap.com,https://www.namecheap.com/,derelictdb,Better#D34d\Than::R3dd,
www.namecheap.com,https://www.namecheap.com/,drpdeadredd,Better#D34d\Than::R3dd,
www.namecheap.com,https://www.namecheap.com/,toribeckstech,reddsd34d,
www.netflix.com,https://www.netflix.com/,drawpdeadredd@hotmail.com,d34Dr3dD,
www.netflix.com,https://www.netflix.com/,heidiluvsredd@gmail.com,plums.Deify?1,
www.netspend.com,https://www.netspend.com/,jreddrobinson,Reddsd34d,
www.nicehash.com,https://www.nicehash.com/,cryptkiller@tfwno.gf,Reddsd34d!!,
www.nicehash.com,https://www.nicehash.com/,torisaysplease@cumallover.me,Reddsd34d!!,
www.nocompromisegaming.com,https://www.nocompromisegaming.com/,pj.chandler@kimberskye.com,reddsd34d,
www.noip.com,https://www.noip.com/,drawpdeadredd@gmail.com,reddsd34d,
www.onlineverdict.com,https://www.onlineverdict.com/,jreddrobinson@hotmail.com,Better#D34d\Than::R3dd,
www.opinionoutpost.com,https://www.opinionoutpost.com/,reddsec.sys@gmail.com,Reddsd34d!!,
www.opploans.com,https://www.opploans.com/,jreddrobinson@gmail.com,8rain.D34d,
www.oreillyauto.com,https://www.oreillyauto.com/,drawpdeadredd@hotmail.com,d34Dr3dD!,
www.papajohns.com,https://www.papajohns.com/order/checkout,drawpdeadredd@hotmail.com,d34Dr3dD,
www.paygonline.com,https://www.paygonline.com/,6155788683,plumsDeify45,
www.paypal.com,https://www.paypal.com/,Heidiluvsredd@gmail.com,pLUMSdEIFY25,
www.paypal.com,https://www.paypal.com/,drawpdeadredd@gmail.com,d34Dr3dD,
www.paypal.com,https://www.paypal.com/,heidiluvsredd@gmail.com,pLUMSdEIFY25,
www.paypal.com,https://www.paypal.com/,jreddrobinson@gmail.com,d34d@head!!,
www.paypal.com,https://www.paypal.com/,skayjackson47@gmail.com,Libarty25,
www.paypal.com,https://www.paypal.com/,skjackson8547@gmail.com,rojosmu3rt0s,
www.paypal.com,https://www.paypal.com/,skuttlebuttandus@gmail.com,plums.Deify?,
www.paypal.com,https://www.paypal.com/,toriwantsredd@gmail.com,JustJack45,
www.pdffiller.com,https://www.pdffiller.com/,the.rajnosnibor@gmail.com,d34d@head!!,
www.peacocktv.com,https://www.peacocktv.com/,jreddrobinson@hotmail.com,racist.peace.0.Shitzu,
www.pearltrees.com,https://www.pearltrees.com/,jreddrobinson@gmail.com,reddsd34d,
www.peoplewhiz.com,https://www.peoplewhiz.com/hflow/save-report/144969476820/elizabeth/~/barina/dunn/NC/~,cw_9286493@hotmail.com,d34Dr3dD,
www.personalcapital.com,https://www.personalcapital.com/,reddsec.sys@gmail.com,reddsd34d,
www.policeauctions.com,https://www.policeauctions.com/register,drawpdeadredd,d34Dr3dD,
www.priceline.com,https://www.priceline.com/,jreddrobinson@gmail.com,d34d@head!!,
www.prizerebel.com,https://www.prizerebel.com/,reddsec.sys@gmail.com,reddsd34d,
www.prosper.com,https://www.prosper.com/,,Reddsd34d!!,
www.pvssy.com,https://www.pvssy.com/,stgads4tori@gmail.com,DThomas1,
www.qmee.com,https://www.qmee.com/,jreddrobinson@gmail.com,reddsd34d,
www.reddit.com,https://www.reddit.com/,drawpdeadredd,Better#D34d\Than::R3dd,
www.remotejobs.io,https://www.remotejobs.io/curate-search/work-fit-lifestyle,drawpdeadredd@hotmail.com,d34Dr3dD,
www.rocketloans.com,https://www.rocketloans.com/,jreddrobinson@gmail.com,467-81-0339,
www.rocketloans.com,https://www.rocketloans.com/,skayjackson47@gmail.com,Liberty25,
www.romraider.com,https://www.romraider.com/,drpdeadredd,redd4d34D,
www.rtbshopper.com,https://www.rtbshopper.com/checkout/registration,drawpdeadredd@hotmail.com,d34Dr3dD,
www.rubrankings.com,https://www.rubrankings.com/,kimberskyesavestheday@gmail.com,JustJack34,
www.shutterstock.com,https://www.shutterstock.com/,jreddrobinson@gmail.com,reddsd34d,
www.slixa.com,https://www.slixa.com/,stgads4tori@gmai.com,plums.Deify1,
www.slixa.com,https://www.slixa.com/,stgads4tori@gmail.com,plums.Deify1,
www.slixa.com,https://www.slixa.com/login,zoeluvsredd@gmail.com,JustJack45,
www.smspool.net,https://www.smspool.net/register,drawpdeadredd,d34Dr3dD,
www.sofi.com,https://www.sofi.com/,revsec.sys@gmail.com,d34Dr3dX!,
www.sonder.com,https://www.sonder.com/,jreddrobinson@gmail.com,Racist.monkey.fuck.w4ffle,
www.sonder.com,https://www.sonder.com/,toribecksphotos@hotmail.com,evil.Olive45,
www.sonder.com,https://www.sonder.com/checkout/49212/vsTwf8zdqy40oeQ34jgV_g,drawpdeadredd@hotmail.com,dr0Pd34Dr3dD!,
www.sonesta.com,https://www.sonesta.com/,drawpdeadredd@gmail.com,d34Dr3dD!,
www.spotify.com,https://www.spotify.com/,drpdeadredd@gmail.com,d34Dr3dD!!,
www.streamatemodels.com,https://www.streamatemodels.com/,CharleeChamoix,JustJack4488,
www.studysection.com,https://www.studysection.com/Users/login,drawpdeadredd@hotmail.com,d34Dr3dD,
www.supermoney.com,https://www.supermoney.com/,revsec.sys@gmail.com,"R@V""8gt3]PA*9-2",
www.surveyjunkie.com,https://www.surveyjunkie.com/,reddsec.sys@gmail.com,reddsd34d,
www.taskrabbit.com,https://www.taskrabbit.com/,jreddrobinson@hotmail.com,Reddsd34d!!,
www.taskrabbit.com,https://www.taskrabbit.com/password/change,drawpdeadredd@hotmail.com,d34Dr3dD!,
www.taxact.com,https://www.taxact.com/,kingsergioa81,$ergioA.1981,
www.taxact.com,https://www.taxact.com/,revrenantsolutions,d34Dr3dD!!,
www.testbed.cb.dev,https://www.testbed.cb.dev/,drpdeadredd,reddsd34d!!,
www.theeroticreview.com,https://www.theeroticreview.com/,toribecks,7Keyt,
www.toptal.com,https://www.toptal.com/talent/apply,drawpdeadredd@hotmail.com,p.xaG!Ttr6dM7SK,
www.totalwireless.com,https://www.totalwireless.com/,heidiluvsredd@gmail.com,JustJack45,
www.twilio.com,https://www.twilio.com/,admin@jbrob.com,Better#D34d\Than::R3dd,
www.twilio.com,https://www.twilio.com/,admin@thatjbr.com,Better#D34d\Than::R3dd,
www.twilio.com,https://www.twilio.com/,en.cryptkiller@gmail.com,Better#D34d\Than::R3dd,
www.twitch.tv,https://www.twitch.tv/,drawpdeadredd,REDD$8rain.d34d!!,
www.udemy.com,https://www.udemy.com/,drawpdeadredd@gmail.com,Reddsd34d!!,
www.unknowncheats.me,https://www.unknowncheats.me/,dropDEADredd,d34d@head!!,
www.upgrade.com,https://www.upgrade.com/,jreddrobinson@hotmail.com,Reddsd34d!!,
www.upgrade.com,https://www.upgrade.com/,skjackson8547@gmail.com,Liberty25,
www.upgrade.com,https://www.upgrade.com/funnel/personal-information-1,drawpdeadredd@hotmail.com,d34Dr3dD,
www.upgrade.com,https://www.upgrade.com/funnel/personal-information-1/OTHER/1000,,rph9qN9SyaDjw-:,
www.ups.com,https://www.ups.com/,,"^,Yq?9z*_TixxbE",
www.ups.com,https://www.ups.com/,drawpdeadredd@gmail.com,reddsd34d,
www.ups.com,https://www.ups.com/,dropdeadredd,Reddsd34d!!!,
www.ups.com,https://www.ups.com/,jreddrobinson@gmail.com,Reddsd34d!!,
www.upstart.com,https://www.upstart.com/,skjackson8547@gmail.com,Liberty25!,
www.usbank.com,https://www.usbank.com/index.html,drawpdeadredd,d34Dr3dD,
www.userinterviews.com,https://www.userinterviews.com/,jreddrobinson@hotmail.com,Better#D34d\Than::R3dd,
www.vanillagift.com,https://www.vanillagift.com/,toriwantsredd@gmail.com,4097582415421331,
www.viabox.com,https://www.viabox.com/,drawpdeadredd@gmail.com,d34d@head!!,
www.visible.com,https://www.visible.com/esim-create-account,drawpdeadredd@gmail.com,d34Dr3dD!,
www.vrbo.com,https://www.vrbo.com/,jreddrobinson@gmail.com,JustJack45,
www.vultr.com,https://www.vultr.com/,bikerman911@hotmail.com,Reggie#1dog,
www.vultr.com,https://www.vultr.com/,cw_9286493@hotmail.com,dr0Pd34Dr3dD,
www.vultr.com,https://www.vultr.com/,drawpdeadredd@gmail.com,reddsd34dD#$D!!,
www.vultr.com,https://www.vultr.com/,drawpdeadredd@hotmail.com,Thunder.CUNT.C@rdi0,
www.vultr.com,https://www.vultr.com/,kimberskyesavestheday@gmail.com,Better#D34d\Than::R3dd,
www.walmart.com,https://www.walmart.com/,drawpdeadredd@gmail.com,Reddsd34d!!,
www.walmart.com,https://www.walmart.com/,skayjackson47@gmail.com,Liberty25,
www.wellsfargo.com,https://www.wellsfargo.com/,skjackson16,Iliketosing70*,
www.westernunion.com,https://www.westernunion.com/,drawpdeadredd@gmail.com,Better/0ff:D34d,
www.westernunion.com,https://www.westernunion.com/,skayjackson47@gmail.com,Liberty25,
www.wikitree.com,https://www.wikitree.com/,Robinson,reddsd34d,
www.wyzant.com,https://www.wyzant.com/,jreddrobinson@hotmail.com,Reddsd34d!!,
www.xmodels.com,https://www.xmodels.com/,torisaysplease,JustJack45!!,
www.zennioptical.com,https://www.zennioptical.com/,drawpdeadredd@gmail.com,reddsd34D,
www.zoho.com,https://www.zoho.com/signup.html,drawpdeadredd@gmail.com,d34Dr3dD,
xhamster.com,https://xhamster.com/,HottishFlash85,5@&@fBNraD,
yourpayday.com,https://yourpayday.com/,,XXXXXXXXXX7025,
zzklsl.com,https://zzklsl.com/mobile/wicket/login.html,y8651,tt887513,
zzklsl.com,https://zzklsl.com/mobile/wicket/register.html,millionmilimeter,d34Dr3dD,
